slot_a,local_a,slot_b,local_b
0,0,0,16
0,0,0,19
0,0,0,25
0,0,0,55
0,0,1,30
0,0,4,30
0,0,5,30
0,0,6,30
0,1,0,15
0,1,0,26
0,1,0,29
0,1,0,35
0,1,1,31
0,1,4,31
0,1,5,31
0,1,6,31
0,2,0,25
0,2,0,36
0,2,0,39
0,2,0,45
0,2,1,32
0,2,4,32
0,2,5,32
0,2,6,32
0,3,0,35
0,3,0,46
0,3,0,49
0,3,0,55
0,3,1,33
0,3,4,33
0,3,5,33
0,3,6,33
0,4,0,15
0,4,0,45
0,4,0,56
0,4,0,59
0,4,1,34
0,4,4,34
0,4,5,34
0,4,6,34
0,5,0,11
0,5,0,14
0,5,0,20
0,5,0,50
0,5,1,35
0,5,4,35
0,5,5,35
0,5,6,35
0,6,0,10
0,6,0,21
0,6,0,24
0,6,0,30
0,6,1,36
0,6,4,36
0,6,5,36
0,6,6,36
0,7,0,20
0,7,0,31
0,7,0,34
0,7,0,40
0,7,1,37
0,7,4,37
0,7,5,37
0,7,6,37
0,8,0,30
0,8,0,41
0,8,0,44
0,8,0,50
0,8,1,38
0,8,4,38
0,8,5,38
0,8,6,38
0,9,0,10
0,9,0,40
0,9,0,51
0,9,0,54
0,9,1,39
0,9,4,39
0,9,5,39
0,9,6,39
0,10,0,24
0,10,0,51
0,10,1,40
0,10,4,40
0,10,5,40
0,10,6,40
0,11,0,17
0,11,0,20
0,11,0,23
0,11,1,41
0,11,4,41
0,11,5,41
0,11,6,41
0,12,0,16
0,12,0,18
0,12,0,24
0,12,0,58
0,12,1,42
0,12,4,42
0,12,5,42
0,12,6,42
0,13,0,17
0,13,0,51
0,13,0,57
0,13,0,59
0,13,1,43
0,13,4,43
0,13,5,43
0,13,6,43
0,14,0,50
0,14,0,52
0,14,0,58
0,14,1,44
0,14,4,44
0,14,5,44
0,14,6,44
0,15,0,26
0,15,0,59
0,15,1,45
0,15,4,45
0,15,5,45
0,15,6,45
0,16,0,55
0,16,0,58
0,16,1,46
0,16,4,46
0,16,5,46
0,16,6,46
0,17,0,23
0,17,0,59
0,17,1,47
0,17,4,47
0,17,5,47
0,17,6,47
0,18,0,22
0,18,0,24
0,18,0,26
0,18,1,48
0,18,4,48
0,18,5,48
0,18,6,48
0,19,0,23
0,19,0,25
0,19,0,27
0,19,1,49
0,19,4,49
0,19,5,49
0,19,6,49
0,20,0,34
0,20,1,50
0,20,4,50
0,20,5,50
0,20,6,50
0,21,0,27
0,21,0,30
0,21,0,33
0,21,1,51
0,21,4,51
0,21,5,51
0,21,6,51
0,22,0,26
0,22,0,28
0,22,0,34
0,22,1,52
0,22,4,52
0,22,5,52
0,22,6,52
0,23,0,27
0,23,1,53
0,23,4,53
0,23,5,53
0,23,6,53
0,24,1,54
0,24,4,54
0,24,5,54
0,24,6,54
0,25,0,36
0,25,1,55
0,25,4,55
0,25,5,55
0,25,6,55
0,26,1,56
0,26,4,56
0,26,5,56
0,26,6,56
0,27,0,33
0,27,1,57
0,27,4,57
0,27,5,57
0,27,6,57
0,28,0,32
0,28,0,34
0,28,0,36
0,28,1,58
0,28,4,58
0,28,5,58
0,28,6,58
0,29,0,33
0,29,0,35
0,29,0,37
0,29,1,59
0,29,4,59
0,29,5,59
0,29,6,59
0,30,0,44
0,30,1,0
0,30,4,0
0,30,5,0
0,30,6,0
0,31,0,37
0,31,0,40
0,31,0,43
0,31,1,1
0,31,4,1
0,31,5,1
0,31,6,1
0,32,0,36
0,32,0,38
0,32,0,44
0,32,1,2
0,32,4,2
0,32,5,2
0,32,6,2
0,33,0,37
0,33,1,3
0,33,4,3
0,33,5,3
0,33,6,3
0,34,1,4
0,34,4,4
0,34,5,4
0,34,6,4
0,35,0,46
0,35,1,5
0,35,4,5
0,35,5,5
0,35,6,5
0,36,1,6
0,36,4,6
0,36,5,6
0,36,6,6
0,37,0,43
0,37,1,7
0,37,4,7
0,37,5,7
0,37,6,7
0,38,0,42
0,38,0,44
0,38,0,46
0,38,1,8
0,38,4,8
0,38,5,8
0,38,6,8
0,39,0,43
0,39,0,45
0,39,0,47
0,39,1,9
0,39,4,9
0,39,5,9
0,39,6,9
0,40,0,54
0,40,1,10
0,40,4,10
0,40,5,10
0,40,6,10
0,41,0,47
0,41,0,50
0,41,0,53
0,41,1,11
0,41,4,11
0,41,5,11
0,41,6,11
0,42,0,46
0,42,0,48
0,42,0,54
0,42,1,12
0,42,4,12
0,42,5,12
0,42,6,12
0,43,0,47
0,43,1,13
0,43,4,13
0,43,5,13
0,43,6,13
0,44,1,14
0,44,4,14
0,44,5,14
0,44,6,14
0,45,0,56
0,45,1,15
0,45,4,15
0,45,5,15
0,45,6,15
0,46,1,16
0,46,4,16
0,46,5,16
0,46,6,16
0,47,0,53
0,47,1,17
0,47,4,17
0,47,5,17
0,47,6,17
0,48,0,52
0,48,0,54
0,48,0,56
0,48,1,18
0,48,4,18
0,48,5,18
0,48,6,18
0,49,0,53
0,49,0,55
0,49,0,57
0,49,1,19
0,49,4,19
0,49,5,19
0,49,6,19
0,50,1,20
0,50,4,20
0,50,5,20
0,50,6,20
0,51,0,57
0,51,1,21
0,51,4,21
0,51,5,21
0,51,6,21
0,52,0,56
0,52,0,58
0,52,1,22
0,52,4,22
0,52,5,22
0,52,6,22
0,53,0,57
0,53,1,23
0,53,4,23
0,53,5,23
0,53,6,23
0,54,1,24
0,54,4,24
0,54,5,24
0,54,6,24
0,55,1,25
0,55,4,25
0,55,5,25
0,55,6,25
0,56,1,26
0,56,4,26
0,56,5,26
0,56,6,26
0,57,1,27
0,57,4,27
0,57,5,27
0,57,6,27
0,58,1,28
0,58,4,28
0,58,5,28
0,58,6,28
0,59,1,29
0,59,4,29
0,59,5,29
0,59,6,29
1,0,1,16
1,0,1,19
1,0,1,25
1,0,1,55
1,0,2,30
1,0,6,30
1,0,7,30
1,1,1,15
1,1,1,26
1,1,1,29
1,1,1,35
1,1,2,31
1,1,6,31
1,1,7,31
1,2,1,25
1,2,1,36
1,2,1,39
1,2,1,45
1,2,2,32
1,2,6,32
1,2,7,32
1,3,1,35
1,3,1,46
1,3,1,49
1,3,1,55
1,3,2,33
1,3,6,33
1,3,7,33
1,4,1,15
1,4,1,45
1,4,1,56
1,4,1,59
1,4,2,34
1,4,6,34
1,4,7,34
1,5,1,11
1,5,1,14
1,5,1,20
1,5,1,50
1,5,2,35
1,5,6,35
1,5,7,35
1,6,1,10
1,6,1,21
1,6,1,24
1,6,1,30
1,6,2,36
1,6,6,36
1,6,7,36
1,7,1,20
1,7,1,31
1,7,1,34
1,7,1,40
1,7,2,37
1,7,6,37
1,7,7,37
1,8,1,30
1,8,1,41
1,8,1,44
1,8,1,50
1,8,2,38
1,8,6,38
1,8,7,38
1,9,1,10
1,9,1,40
1,9,1,51
1,9,1,54
1,9,2,39
1,9,6,39
1,9,7,39
1,10,1,24
1,10,1,51
1,10,2,40
1,10,6,40
1,10,7,40
1,11,1,17
1,11,1,20
1,11,1,23
1,11,2,41
1,11,6,41
1,11,7,41
1,12,1,16
1,12,1,18
1,12,1,24
1,12,1,58
1,12,2,42
1,12,6,42
1,12,7,42
1,13,1,17
1,13,1,51
1,13,1,57
1,13,1,59
1,13,2,43
1,13,6,43
1,13,7,43
1,14,1,50
1,14,1,52
1,14,1,58
1,14,2,44
1,14,6,44
1,14,7,44
1,15,1,26
1,15,1,59
1,15,2,45
1,15,6,45
1,15,7,45
1,16,1,55
1,16,1,58
1,16,2,46
1,16,6,46
1,16,7,46
1,17,1,23
1,17,1,59
1,17,2,47
1,17,6,47
1,17,7,47
1,18,1,22
1,18,1,24
1,18,1,26
1,18,2,48
1,18,6,48
1,18,7,48
1,19,1,23
1,19,1,25
1,19,1,27
1,19,2,49
1,19,6,49
1,19,7,49
1,20,1,34
1,20,2,50
1,20,6,50
1,20,7,50
1,21,1,27
1,21,1,30
1,21,1,33
1,21,2,51
1,21,6,51
1,21,7,51
1,22,1,26
1,22,1,28
1,22,1,34
1,22,2,52
1,22,6,52
1,22,7,52
1,23,1,27
1,23,2,53
1,23,6,53
1,23,7,53
1,24,2,54
1,24,6,54
1,24,7,54
1,25,1,36
1,25,2,55
1,25,6,55
1,25,7,55
1,26,2,56
1,26,6,56
1,26,7,56
1,27,1,33
1,27,2,57
1,27,6,57
1,27,7,57
1,28,1,32
1,28,1,34
1,28,1,36
1,28,2,58
1,28,6,58
1,28,7,58
1,29,1,33
1,29,1,35
1,29,1,37
1,29,2,59
1,29,6,59
1,29,7,59
1,30,1,44
1,30,2,0
1,30,6,0
1,30,7,0
1,31,1,37
1,31,1,40
1,31,1,43
1,31,2,1
1,31,6,1
1,31,7,1
1,32,1,36
1,32,1,38
1,32,1,44
1,32,2,2
1,32,6,2
1,32,7,2
1,33,1,37
1,33,2,3
1,33,6,3
1,33,7,3
1,34,2,4
1,34,6,4
1,34,7,4
1,35,1,46
1,35,2,5
1,35,6,5
1,35,7,5
1,36,2,6
1,36,6,6
1,36,7,6
1,37,1,43
1,37,2,7
1,37,6,7
1,37,7,7
1,38,1,42
1,38,1,44
1,38,1,46
1,38,2,8
1,38,6,8
1,38,7,8
1,39,1,43
1,39,1,45
1,39,1,47
1,39,2,9
1,39,6,9
1,39,7,9
1,40,1,54
1,40,2,10
1,40,6,10
1,40,7,10
1,41,1,47
1,41,1,50
1,41,1,53
1,41,2,11
1,41,6,11
1,41,7,11
1,42,1,46
1,42,1,48
1,42,1,54
1,42,2,12
1,42,6,12
1,42,7,12
1,43,1,47
1,43,2,13
1,43,6,13
1,43,7,13
1,44,2,14
1,44,6,14
1,44,7,14
1,45,1,56
1,45,2,15
1,45,6,15
1,45,7,15
1,46,2,16
1,46,6,16
1,46,7,16
1,47,1,53
1,47,2,17
1,47,6,17
1,47,7,17
1,48,1,52
1,48,1,54
1,48,1,56
1,48,2,18
1,48,6,18
1,48,7,18
1,49,1,53
1,49,1,55
1,49,1,57
1,49,2,19
1,49,6,19
1,49,7,19
1,50,2,20
1,50,6,20
1,50,7,20
1,51,1,57
1,51,2,21
1,51,6,21
1,51,7,21
1,52,1,56
1,52,1,58
1,52,2,22
1,52,6,22
1,52,7,22
1,53,1,57
1,53,2,23
1,53,6,23
1,53,7,23
1,54,2,24
1,54,6,24
1,54,7,24
1,55,2,25
1,55,6,25
1,55,7,25
1,56,2,26
1,56,6,26
1,56,7,26
1,57,2,27
1,57,6,27
1,57,7,27
1,58,2,28
1,58,6,28
1,58,7,28
1,59,2,29
1,59,6,29
1,59,7,29
2,0,2,16
2,0,2,19
2,0,2,25
2,0,2,55
2,0,3,30
2,0,7,30
2,0,8,30
2,1,2,15
2,1,2,26
2,1,2,29
2,1,2,35
2,1,3,31
2,1,7,31
2,1,8,31
2,2,2,25
2,2,2,36
2,2,2,39
2,2,2,45
2,2,3,32
2,2,7,32
2,2,8,32
2,3,2,35
2,3,2,46
2,3,2,49
2,3,2,55
2,3,3,33
2,3,7,33
2,3,8,33
2,4,2,15
2,4,2,45
2,4,2,56
2,4,2,59
2,4,3,34
2,4,7,34
2,4,8,34
2,5,2,11
2,5,2,14
2,5,2,20
2,5,2,50
2,5,3,35
2,5,7,35
2,5,8,35
2,6,2,10
2,6,2,21
2,6,2,24
2,6,2,30
2,6,3,36
2,6,7,36
2,6,8,36
2,7,2,20
2,7,2,31
2,7,2,34
2,7,2,40
2,7,3,37
2,7,7,37
2,7,8,37
2,8,2,30
2,8,2,41
2,8,2,44
2,8,2,50
2,8,3,38
2,8,7,38
2,8,8,38
2,9,2,10
2,9,2,40
2,9,2,51
2,9,2,54
2,9,3,39
2,9,7,39
2,9,8,39
2,10,2,24
2,10,2,51
2,10,3,40
2,10,7,40
2,10,8,40
2,11,2,17
2,11,2,20
2,11,2,23
2,11,3,41
2,11,7,41
2,11,8,41
2,12,2,16
2,12,2,18
2,12,2,24
2,12,2,58
2,12,3,42
2,12,7,42
2,12,8,42
2,13,2,17
2,13,2,51
2,13,2,57
2,13,2,59
2,13,3,43
2,13,7,43
2,13,8,43
2,14,2,50
2,14,2,52
2,14,2,58
2,14,3,44
2,14,7,44
2,14,8,44
2,15,2,26
2,15,2,59
2,15,3,45
2,15,7,45
2,15,8,45
2,16,2,55
2,16,2,58
2,16,3,46
2,16,7,46
2,16,8,46
2,17,2,23
2,17,2,59
2,17,3,47
2,17,7,47
2,17,8,47
2,18,2,22
2,18,2,24
2,18,2,26
2,18,3,48
2,18,7,48
2,18,8,48
2,19,2,23
2,19,2,25
2,19,2,27
2,19,3,49
2,19,7,49
2,19,8,49
2,20,2,34
2,20,3,50
2,20,7,50
2,20,8,50
2,21,2,27
2,21,2,30
2,21,2,33
2,21,3,51
2,21,7,51
2,21,8,51
2,22,2,26
2,22,2,28
2,22,2,34
2,22,3,52
2,22,7,52
2,22,8,52
2,23,2,27
2,23,3,53
2,23,7,53
2,23,8,53
2,24,3,54
2,24,7,54
2,24,8,54
2,25,2,36
2,25,3,55
2,25,7,55
2,25,8,55
2,26,3,56
2,26,7,56
2,26,8,56
2,27,2,33
2,27,3,57
2,27,7,57
2,27,8,57
2,28,2,32
2,28,2,34
2,28,2,36
2,28,3,58
2,28,7,58
2,28,8,58
2,29,2,33
2,29,2,35
2,29,2,37
2,29,3,59
2,29,7,59
2,29,8,59
2,30,2,44
2,30,3,0
2,30,7,0
2,30,8,0
2,31,2,37
2,31,2,40
2,31,2,43
2,31,3,1
2,31,7,1
2,31,8,1
2,32,2,36
2,32,2,38
2,32,2,44
2,32,3,2
2,32,7,2
2,32,8,2
2,33,2,37
2,33,3,3
2,33,7,3
2,33,8,3
2,34,3,4
2,34,7,4
2,34,8,4
2,35,2,46
2,35,3,5
2,35,7,5
2,35,8,5
2,36,3,6
2,36,7,6
2,36,8,6
2,37,2,43
2,37,3,7
2,37,7,7
2,37,8,7
2,38,2,42
2,38,2,44
2,38,2,46
2,38,3,8
2,38,7,8
2,38,8,8
2,39,2,43
2,39,2,45
2,39,2,47
2,39,3,9
2,39,7,9
2,39,8,9
2,40,2,54
2,40,3,10
2,40,7,10
2,40,8,10
2,41,2,47
2,41,2,50
2,41,2,53
2,41,3,11
2,41,7,11
2,41,8,11
2,42,2,46
2,42,2,48
2,42,2,54
2,42,3,12
2,42,7,12
2,42,8,12
2,43,2,47
2,43,3,13
2,43,7,13
2,43,8,13
2,44,3,14
2,44,7,14
2,44,8,14
2,45,2,56
2,45,3,15
2,45,7,15
2,45,8,15
2,46,3,16
2,46,7,16
2,46,8,16
2,47,2,53
2,47,3,17
2,47,7,17
2,47,8,17
2,48,2,52
2,48,2,54
2,48,2,56
2,48,3,18
2,48,7,18
2,48,8,18
2,49,2,53
2,49,2,55
2,49,2,57
2,49,3,19
2,49,7,19
2,49,8,19
2,50,3,20
2,50,7,20
2,50,8,20
2,51,2,57
2,51,3,21
2,51,7,21
2,51,8,21
2,52,2,56
2,52,2,58
2,52,3,22
2,52,7,22
2,52,8,22
2,53,2,57
2,53,3,23
2,53,7,23
2,53,8,23
2,54,3,24
2,54,7,24
2,54,8,24
2,55,3,25
2,55,7,25
2,55,8,25
2,56,3,26
2,56,7,26
2,56,8,26
2,57,3,27
2,57,7,27
2,57,8,27
2,58,3,28
2,58,7,28
2,58,8,28
2,59,3,29
2,59,7,29
2,59,8,29
3,0,3,16
3,0,3,19
3,0,3,25
3,0,3,55
3,0,4,0
3,0,8,30
3,0,9,0
3,1,3,15
3,1,3,26
3,1,3,29
3,1,3,35
3,1,4,1
3,1,8,31
3,1,9,1
3,2,3,25
3,2,3,36
3,2,3,39
3,2,3,45
3,2,4,2
3,2,8,32
3,2,9,2
3,3,3,35
3,3,3,46
3,3,3,49
3,3,3,55
3,3,4,3
3,3,8,33
3,3,9,3
3,4,3,15
3,4,3,45
3,4,3,56
3,4,3,59
3,4,4,4
3,4,8,34
3,4,9,4
3,5,3,11
3,5,3,14
3,5,3,20
3,5,3,50
3,5,4,5
3,5,8,35
3,5,9,5
3,6,3,10
3,6,3,21
3,6,3,24
3,6,3,30
3,6,4,6
3,6,8,36
3,6,9,6
3,7,3,20
3,7,3,31
3,7,3,34
3,7,3,40
3,7,4,7
3,7,8,37
3,7,9,7
3,8,3,30
3,8,3,41
3,8,3,44
3,8,3,50
3,8,4,8
3,8,8,38
3,8,9,8
3,9,3,10
3,9,3,40
3,9,3,51
3,9,3,54
3,9,4,9
3,9,8,39
3,9,9,9
3,10,3,24
3,10,3,51
3,10,4,10
3,10,8,40
3,10,9,10
3,11,3,17
3,11,3,20
3,11,3,23
3,11,4,11
3,11,8,41
3,11,9,11
3,12,3,16
3,12,3,18
3,12,3,24
3,12,3,58
3,12,4,12
3,12,8,42
3,12,9,12
3,13,3,17
3,13,3,51
3,13,3,57
3,13,3,59
3,13,4,13
3,13,8,43
3,13,9,13
3,14,3,50
3,14,3,52
3,14,3,58
3,14,4,14
3,14,8,44
3,14,9,14
3,15,3,26
3,15,3,59
3,15,4,15
3,15,8,45
3,15,9,15
3,16,3,55
3,16,3,58
3,16,4,16
3,16,8,46
3,16,9,16
3,17,3,23
3,17,3,59
3,17,4,17
3,17,8,47
3,17,9,17
3,18,3,22
3,18,3,24
3,18,3,26
3,18,4,18
3,18,8,48
3,18,9,18
3,19,3,23
3,19,3,25
3,19,3,27
3,19,4,19
3,19,8,49
3,19,9,19
3,20,3,34
3,20,4,20
3,20,8,50
3,20,9,20
3,21,3,27
3,21,3,30
3,21,3,33
3,21,4,21
3,21,8,51
3,21,9,21
3,22,3,26
3,22,3,28
3,22,3,34
3,22,4,22
3,22,8,52
3,22,9,22
3,23,3,27
3,23,4,23
3,23,8,53
3,23,9,23
3,24,4,24
3,24,8,54
3,24,9,24
3,25,3,36
3,25,4,25
3,25,8,55
3,25,9,25
3,26,4,26
3,26,8,56
3,26,9,26
3,27,3,33
3,27,4,27
3,27,8,57
3,27,9,27
3,28,3,32
3,28,3,34
3,28,3,36
3,28,4,28
3,28,8,58
3,28,9,28
3,29,3,33
3,29,3,35
3,29,3,37
3,29,4,29
3,29,8,59
3,29,9,29
3,30,3,44
3,30,4,30
3,30,8,0
3,30,9,30
3,31,3,37
3,31,3,40
3,31,3,43
3,31,4,31
3,31,8,1
3,31,9,31
3,32,3,36
3,32,3,38
3,32,3,44
3,32,4,32
3,32,8,2
3,32,9,32
3,33,3,37
3,33,4,33
3,33,8,3
3,33,9,33
3,34,4,34
3,34,8,4
3,34,9,34
3,35,3,46
3,35,4,35
3,35,8,5
3,35,9,35
3,36,4,36
3,36,8,6
3,36,9,36
3,37,3,43
3,37,4,37
3,37,8,7
3,37,9,37
3,38,3,42
3,38,3,44
3,38,3,46
3,38,4,38
3,38,8,8
3,38,9,38
3,39,3,43
3,39,3,45
3,39,3,47
3,39,4,39
3,39,8,9
3,39,9,39
3,40,3,54
3,40,4,40
3,40,8,10
3,40,9,40
3,41,3,47
3,41,3,50
3,41,3,53
3,41,4,41
3,41,8,11
3,41,9,41
3,42,3,46
3,42,3,48
3,42,3,54
3,42,4,42
3,42,8,12
3,42,9,42
3,43,3,47
3,43,4,43
3,43,8,13
3,43,9,43
3,44,4,44
3,44,8,14
3,44,9,44
3,45,3,56
3,45,4,45
3,45,8,15
3,45,9,45
3,46,4,46
3,46,8,16
3,46,9,46
3,47,3,53
3,47,4,47
3,47,8,17
3,47,9,47
3,48,3,52
3,48,3,54
3,48,3,56
3,48,4,48
3,48,8,18
3,48,9,48
3,49,3,53
3,49,3,55
3,49,3,57
3,49,4,49
3,49,8,19
3,49,9,49
3,50,4,50
3,50,8,20
3,50,9,50
3,51,3,57
3,51,4,51
3,51,8,21
3,51,9,51
3,52,3,56
3,52,3,58
3,52,4,52
3,52,8,22
3,52,9,52
3,53,3,57
3,53,4,53
3,53,8,23
3,53,9,53
3,54,4,54
3,54,8,24
3,54,9,54
3,55,4,55
3,55,8,25
3,55,9,55
3,56,4,56
3,56,8,26
3,56,9,56
3,57,4,57
3,57,8,27
3,57,9,57
3,58,4,58
3,58,8,28
3,58,9,58
3,59,4,59
3,59,8,29
3,59,9,59
4,0,4,16
4,0,4,19
4,0,4,25
4,0,4,55
4,0,5,30
4,0,9,0
4,1,4,15
4,1,4,26
4,1,4,29
4,1,4,35
4,1,5,31
4,1,9,1
4,2,4,25
4,2,4,36
4,2,4,39
4,2,4,45
4,2,5,32
4,2,9,2
4,3,4,35
4,3,4,46
4,3,4,49
4,3,4,55
4,3,5,33
4,3,9,3
4,4,4,15
4,4,4,45
4,4,4,56
4,4,4,59
4,4,5,34
4,4,9,4
4,5,4,11
4,5,4,14
4,5,4,20
4,5,4,50
4,5,5,35
4,5,9,5
4,6,4,10
4,6,4,21
4,6,4,24
4,6,4,30
4,6,5,36
4,6,9,6
4,7,4,20
4,7,4,31
4,7,4,34
4,7,4,40
4,7,5,37
4,7,9,7
4,8,4,30
4,8,4,41
4,8,4,44
4,8,4,50
4,8,5,38
4,8,9,8
4,9,4,10
4,9,4,40
4,9,4,51
4,9,4,54
4,9,5,39
4,9,9,9
4,10,4,24
4,10,4,51
4,10,5,40
4,10,9,10
4,11,4,17
4,11,4,20
4,11,4,23
4,11,5,41
4,11,9,11
4,12,4,16
4,12,4,18
4,12,4,24
4,12,4,58
4,12,5,42
4,12,9,12
4,13,4,17
4,13,4,51
4,13,4,57
4,13,4,59
4,13,5,43
4,13,9,13
4,14,4,50
4,14,4,52
4,14,4,58
4,14,5,44
4,14,9,14
4,15,4,26
4,15,4,59
4,15,5,45
4,15,9,15
4,16,4,55
4,16,4,58
4,16,5,46
4,16,9,16
4,17,4,23
4,17,4,59
4,17,5,47
4,17,9,17
4,18,4,22
4,18,4,24
4,18,4,26
4,18,5,48
4,18,9,18
4,19,4,23
4,19,4,25
4,19,4,27
4,19,5,49
4,19,9,19
4,20,4,34
4,20,5,50
4,20,9,20
4,21,4,27
4,21,4,30
4,21,4,33
4,21,5,51
4,21,9,21
4,22,4,26
4,22,4,28
4,22,4,34
4,22,5,52
4,22,9,22
4,23,4,27
4,23,5,53
4,23,9,23
4,24,5,54
4,24,9,24
4,25,4,36
4,25,5,55
4,25,9,25
4,26,5,56
4,26,9,26
4,27,4,33
4,27,5,57
4,27,9,27
4,28,4,32
4,28,4,34
4,28,4,36
4,28,5,58
4,28,9,28
4,29,4,33
4,29,4,35
4,29,4,37
4,29,5,59
4,29,9,29
4,30,4,44
4,30,5,0
4,30,9,30
4,31,4,37
4,31,4,40
4,31,4,43
4,31,5,1
4,31,9,31
4,32,4,36
4,32,4,38
4,32,4,44
4,32,5,2
4,32,9,32
4,33,4,37
4,33,5,3
4,33,9,33
4,34,5,4
4,34,9,34
4,35,4,46
4,35,5,5
4,35,9,35
4,36,5,6
4,36,9,36
4,37,4,43
4,37,5,7
4,37,9,37
4,38,4,42
4,38,4,44
4,38,4,46
4,38,5,8
4,38,9,38
4,39,4,43
4,39,4,45
4,39,4,47
4,39,5,9
4,39,9,39
4,40,4,54
4,40,5,10
4,40,9,40
4,41,4,47
4,41,4,50
4,41,4,53
4,41,5,11
4,41,9,41
4,42,4,46
4,42,4,48
4,42,4,54
4,42,5,12
4,42,9,42
4,43,4,47
4,43,5,13
4,43,9,43
4,44,5,14
4,44,9,44
4,45,4,56
4,45,5,15
4,45,9,45
4,46,5,16
4,46,9,46
4,47,4,53
4,47,5,17
4,47,9,47
4,48,4,52
4,48,4,54
4,48,4,56
4,48,5,18
4,48,9,48
4,49,4,53
4,49,4,55
4,49,4,57
4,49,5,19
4,49,9,49
4,50,5,20
4,50,9,50
4,51,4,57
4,51,5,21
4,51,9,51
4,52,4,56
4,52,4,58
4,52,5,22
4,52,9,52
4,53,4,57
4,53,5,23
4,53,9,53
4,54,5,24
4,54,9,54
4,55,5,25
4,55,9,55
4,56,5,26
4,56,9,56
4,57,5,27
4,57,9,57
4,58,5,28
4,58,9,58
4,59,5,29
4,59,9,59
5,0,5,16
5,0,5,19
5,0,5,25
5,0,5,55
5,0,10,0
5,0,14,0
5,1,5,15
5,1,5,26
5,1,5,29
5,1,5,35
5,1,10,1
5,1,14,1
5,2,5,25
5,2,5,36
5,2,5,39
5,2,5,45
5,2,10,2
5,2,14,2
5,3,5,35
5,3,5,46
5,3,5,49
5,3,5,55
5,3,10,3
5,3,14,3
5,4,5,15
5,4,5,45
5,4,5,56
5,4,5,59
5,4,10,4
5,4,14,4
5,5,5,11
5,5,5,14
5,5,5,20
5,5,5,50
5,5,10,5
5,5,14,5
5,6,5,10
5,6,5,21
5,6,5,24
5,6,5,30
5,6,10,6
5,6,14,6
5,7,5,20
5,7,5,31
5,7,5,34
5,7,5,40
5,7,10,7
5,7,14,7
5,8,5,30
5,8,5,41
5,8,5,44
5,8,5,50
5,8,10,8
5,8,14,8
5,9,5,10
5,9,5,40
5,9,5,51
5,9,5,54
5,9,10,9
5,9,14,9
5,10,5,24
5,10,5,51
5,10,10,10
5,10,14,10
5,11,5,17
5,11,5,20
5,11,5,23
5,11,10,11
5,11,14,11
5,12,5,16
5,12,5,18
5,12,5,24
5,12,5,58
5,12,10,12
5,12,14,12
5,13,5,17
5,13,5,51
5,13,5,57
5,13,5,59
5,13,10,13
5,13,14,13
5,14,5,50
5,14,5,52
5,14,5,58
5,14,10,14
5,14,14,14
5,15,5,26
5,15,5,59
5,15,10,15
5,15,14,15
5,16,5,55
5,16,5,58
5,16,10,16
5,16,14,16
5,17,5,23
5,17,5,59
5,17,10,17
5,17,14,17
5,18,5,22
5,18,5,24
5,18,5,26
5,18,10,18
5,18,14,18
5,19,5,23
5,19,5,25
5,19,5,27
5,19,10,19
5,19,14,19
5,20,5,34
5,20,10,20
5,20,14,20
5,21,5,27
5,21,5,30
5,21,5,33
5,21,10,21
5,21,14,21
5,22,5,26
5,22,5,28
5,22,5,34
5,22,10,22
5,22,14,22
5,23,5,27
5,23,10,23
5,23,14,23
5,24,10,24
5,24,14,24
5,25,5,36
5,25,10,25
5,25,14,25
5,26,10,26
5,26,14,26
5,27,5,33
5,27,10,27
5,27,14,27
5,28,5,32
5,28,5,34
5,28,5,36
5,28,10,28
5,28,14,28
5,29,5,33
5,29,5,35
5,29,5,37
5,29,10,29
5,29,14,29
5,30,5,44
5,30,10,30
5,30,14,30
5,31,5,37
5,31,5,40
5,31,5,43
5,31,10,31
5,31,14,31
5,32,5,36
5,32,5,38
5,32,5,44
5,32,10,32
5,32,14,32
5,33,5,37
5,33,10,33
5,33,14,33
5,34,10,34
5,34,14,34
5,35,5,46
5,35,10,35
5,35,14,35
5,36,10,36
5,36,14,36
5,37,5,43
5,37,10,37
5,37,14,37
5,38,5,42
5,38,5,44
5,38,5,46
5,38,10,38
5,38,14,38
5,39,5,43
5,39,5,45
5,39,5,47
5,39,10,39
5,39,14,39
5,40,5,54
5,40,10,40
5,40,14,40
5,41,5,47
5,41,5,50
5,41,5,53
5,41,10,41
5,41,14,41
5,42,5,46
5,42,5,48
5,42,5,54
5,42,10,42
5,42,14,42
5,43,5,47
5,43,10,43
5,43,14,43
5,44,10,44
5,44,14,44
5,45,5,56
5,45,10,45
5,45,14,45
5,46,10,46
5,46,14,46
5,47,5,53
5,47,10,47
5,47,14,47
5,48,5,52
5,48,5,54
5,48,5,56
5,48,10,48
5,48,14,48
5,49,5,53
5,49,5,55
5,49,5,57
5,49,10,49
5,49,14,49
5,50,10,50
5,50,14,50
5,51,5,57
5,51,10,51
5,51,14,51
5,52,5,56
5,52,5,58
5,52,10,52
5,52,14,52
5,53,5,57
5,53,10,53
5,53,14,53
5,54,10,54
5,54,14,54
5,55,10,55
5,55,14,55
5,56,10,56
5,56,14,56
5,57,10,57
5,57,14,57
5,58,10,58
5,58,14,58
5,59,10,59
5,59,14,59
6,0,6,16
6,0,6,19
6,0,6,25
6,0,6,55
6,0,12,0
6,0,13,0
6,1,6,15
6,1,6,26
6,1,6,29
6,1,6,35
6,1,12,1
6,1,13,1
6,2,6,25
6,2,6,36
6,2,6,39
6,2,6,45
6,2,12,2
6,2,13,2
6,3,6,35
6,3,6,46
6,3,6,49
6,3,6,55
6,3,12,3
6,3,13,3
6,4,6,15
6,4,6,45
6,4,6,56
6,4,6,59
6,4,12,4
6,4,13,4
6,5,6,11
6,5,6,14
6,5,6,20
6,5,6,50
6,5,12,5
6,5,13,5
6,6,6,10
6,6,6,21
6,6,6,24
6,6,6,30
6,6,12,6
6,6,13,6
6,7,6,20
6,7,6,31
6,7,6,34
6,7,6,40
6,7,12,7
6,7,13,7
6,8,6,30
6,8,6,41
6,8,6,44
6,8,6,50
6,8,12,8
6,8,13,8
6,9,6,10
6,9,6,40
6,9,6,51
6,9,6,54
6,9,12,9
6,9,13,9
6,10,6,24
6,10,6,51
6,10,12,10
6,10,13,10
6,11,6,17
6,11,6,20
6,11,6,23
6,11,12,11
6,11,13,11
6,12,6,16
6,12,6,18
6,12,6,24
6,12,6,58
6,12,12,12
6,12,13,12
6,13,6,17
6,13,6,51
6,13,6,57
6,13,6,59
6,13,12,13
6,13,13,13
6,14,6,50
6,14,6,52
6,14,6,58
6,14,12,14
6,14,13,14
6,15,6,26
6,15,6,59
6,15,12,15
6,15,13,15
6,16,6,55
6,16,6,58
6,16,12,16
6,16,13,16
6,17,6,23
6,17,6,59
6,17,12,17
6,17,13,17
6,18,6,22
6,18,6,24
6,18,6,26
6,18,12,18
6,18,13,18
6,19,6,23
6,19,6,25
6,19,6,27
6,19,12,19
6,19,13,19
6,20,6,34
6,20,12,20
6,20,13,20
6,21,6,27
6,21,6,30
6,21,6,33
6,21,12,21
6,21,13,21
6,22,6,26
6,22,6,28
6,22,6,34
6,22,12,22
6,22,13,22
6,23,6,27
6,23,12,23
6,23,13,23
6,24,12,24
6,24,13,24
6,25,6,36
6,25,12,25
6,25,13,25
6,26,12,26
6,26,13,26
6,27,6,33
6,27,12,27
6,27,13,27
6,28,6,32
6,28,6,34
6,28,6,36
6,28,12,28
6,28,13,28
6,29,6,33
6,29,6,35
6,29,6,37
6,29,12,29
6,29,13,29
6,30,6,44
6,30,12,30
6,30,13,30
6,31,6,37
6,31,6,40
6,31,6,43
6,31,12,31
6,31,13,31
6,32,6,36
6,32,6,38
6,32,6,44
6,32,12,32
6,32,13,32
6,33,6,37
6,33,12,33
6,33,13,33
6,34,12,34
6,34,13,34
6,35,6,46
6,35,12,35
6,35,13,35
6,36,12,36
6,36,13,36
6,37,6,43
6,37,12,37
6,37,13,37
6,38,6,42
6,38,6,44
6,38,6,46
6,38,12,38
6,38,13,38
6,39,6,43
6,39,6,45
6,39,6,47
6,39,12,39
6,39,13,39
6,40,6,54
6,40,12,40
6,40,13,40
6,41,6,47
6,41,6,50
6,41,6,53
6,41,12,41
6,41,13,41
6,42,6,46
6,42,6,48
6,42,6,54
6,42,12,42
6,42,13,42
6,43,6,47
6,43,12,43
6,43,13,43
6,44,12,44
6,44,13,44
6,45,6,56
6,45,12,45
6,45,13,45
6,46,12,46
6,46,13,46
6,47,6,53
6,47,12,47
6,47,13,47
6,48,6,52
6,48,6,54
6,48,6,56
6,48,12,48
6,48,13,48
6,49,6,53
6,49,6,55
6,49,6,57
6,49,12,49
6,49,13,49
6,50,12,50
6,50,13,50
6,51,6,57
6,51,12,51
6,51,13,51
6,52,6,56
6,52,6,58
6,52,12,52
6,52,13,52
6,53,6,57
6,53,12,53
6,53,13,53
6,54,12,54
6,54,13,54
6,55,12,55
6,55,13,55
6,56,12,56
6,56,13,56
6,57,12,57
6,57,13,57
6,58,12,58
6,58,13,58
6,59,12,59
6,59,13,59
7,0,7,16
7,0,7,19
7,0,7,25
7,0,7,55
7,0,10,0
7,0,11,0
7,1,7,15
7,1,7,26
7,1,7,29
7,1,7,35
7,1,10,1
7,1,11,1
7,2,7,25
7,2,7,36
7,2,7,39
7,2,7,45
7,2,10,2
7,2,11,2
7,3,7,35
7,3,7,46
7,3,7,49
7,3,7,55
7,3,10,3
7,3,11,3
7,4,7,15
7,4,7,45
7,4,7,56
7,4,7,59
7,4,10,4
7,4,11,4
7,5,7,11
7,5,7,14
7,5,7,20
7,5,7,50
7,5,10,5
7,5,11,5
7,6,7,10
7,6,7,21
7,6,7,24
7,6,7,30
7,6,10,6
7,6,11,6
7,7,7,20
7,7,7,31
7,7,7,34
7,7,7,40
7,7,10,7
7,7,11,7
7,8,7,30
7,8,7,41
7,8,7,44
7,8,7,50
7,8,10,8
7,8,11,8
7,9,7,10
7,9,7,40
7,9,7,51
7,9,7,54
7,9,10,9
7,9,11,9
7,10,7,24
7,10,7,51
7,10,10,10
7,10,11,10
7,11,7,17
7,11,7,20
7,11,7,23
7,11,10,11
7,11,11,11
7,12,7,16
7,12,7,18
7,12,7,24
7,12,7,58
7,12,10,12
7,12,11,12
7,13,7,17
7,13,7,51
7,13,7,57
7,13,7,59
7,13,10,13
7,13,11,13
7,14,7,50
7,14,7,52
7,14,7,58
7,14,10,14
7,14,11,14
7,15,7,26
7,15,7,59
7,15,10,15
7,15,11,15
7,16,7,55
7,16,7,58
7,16,10,16
7,16,11,16
7,17,7,23
7,17,7,59
7,17,10,17
7,17,11,17
7,18,7,22
7,18,7,24
7,18,7,26
7,18,10,18
7,18,11,18
7,19,7,23
7,19,7,25
7,19,7,27
7,19,10,19
7,19,11,19
7,20,7,34
7,20,10,20
7,20,11,20
7,21,7,27
7,21,7,30
7,21,7,33
7,21,10,21
7,21,11,21
7,22,7,26
7,22,7,28
7,22,7,34
7,22,10,22
7,22,11,22
7,23,7,27
7,23,10,23
7,23,11,23
7,24,10,24
7,24,11,24
7,25,7,36
7,25,10,25
7,25,11,25
7,26,10,26
7,26,11,26
7,27,7,33
7,27,10,27
7,27,11,27
7,28,7,32
7,28,7,34
7,28,7,36
7,28,10,28
7,28,11,28
7,29,7,33
7,29,7,35
7,29,7,37
7,29,10,29
7,29,11,29
7,30,7,44
7,30,10,30
7,30,11,30
7,31,7,37
7,31,7,40
7,31,7,43
7,31,10,31
7,31,11,31
7,32,7,36
7,32,7,38
7,32,7,44
7,32,10,32
7,32,11,32
7,33,7,37
7,33,10,33
7,33,11,33
7,34,10,34
7,34,11,34
7,35,7,46
7,35,10,35
7,35,11,35
7,36,10,36
7,36,11,36
7,37,7,43
7,37,10,37
7,37,11,37
7,38,7,42
7,38,7,44
7,38,7,46
7,38,10,38
7,38,11,38
7,39,7,43
7,39,7,45
7,39,7,47
7,39,10,39
7,39,11,39
7,40,7,54
7,40,10,40
7,40,11,40
7,41,7,47
7,41,7,50
7,41,7,53
7,41,10,41
7,41,11,41
7,42,7,46
7,42,7,48
7,42,7,54
7,42,10,42
7,42,11,42
7,43,7,47
7,43,10,43
7,43,11,43
7,44,10,44
7,44,11,44
7,45,7,56
7,45,10,45
7,45,11,45
7,46,10,46
7,46,11,46
7,47,7,53
7,47,10,47
7,47,11,47
7,48,7,52
7,48,7,54
7,48,7,56
7,48,10,48
7,48,11,48
7,49,7,53
7,49,7,55
7,49,7,57
7,49,10,49
7,49,11,49
7,50,10,50
7,50,11,50
7,51,7,57
7,51,10,51
7,51,11,51
7,52,7,56
7,52,7,58
7,52,10,52
7,52,11,52
7,53,7,57
7,53,10,53
7,53,11,53
7,54,10,54
7,54,11,54
7,55,10,55
7,55,11,55
7,56,10,56
7,56,11,56
7,57,10,57
7,57,11,57
7,58,10,58
7,58,11,58
7,59,10,59
7,59,11,59
8,0,8,16
8,0,8,19
8,0,8,25
8,0,8,55
8,0,13,0
8,0,14,0
8,1,8,15
8,1,8,26
8,1,8,29
8,1,8,35
8,1,13,1
8,1,14,1
8,2,8,25
8,2,8,36
8,2,8,39
8,2,8,45
8,2,13,2
8,2,14,2
8,3,8,35
8,3,8,46
8,3,8,49
8,3,8,55
8,3,13,3
8,3,14,3
8,4,8,15
8,4,8,45
8,4,8,56
8,4,8,59
8,4,13,4
8,4,14,4
8,5,8,11
8,5,8,14
8,5,8,20
8,5,8,50
8,5,13,5
8,5,14,5
8,6,8,10
8,6,8,21
8,6,8,24
8,6,8,30
8,6,13,6
8,6,14,6
8,7,8,20
8,7,8,31
8,7,8,34
8,7,8,40
8,7,13,7
8,7,14,7
8,8,8,30
8,8,8,41
8,8,8,44
8,8,8,50
8,8,13,8
8,8,14,8
8,9,8,10
8,9,8,40
8,9,8,51
8,9,8,54
8,9,13,9
8,9,14,9
8,10,8,24
8,10,8,51
8,10,13,10
8,10,14,10
8,11,8,17
8,11,8,20
8,11,8,23
8,11,13,11
8,11,14,11
8,12,8,16
8,12,8,18
8,12,8,24
8,12,8,58
8,12,13,12
8,12,14,12
8,13,8,17
8,13,8,51
8,13,8,57
8,13,8,59
8,13,13,13
8,13,14,13
8,14,8,50
8,14,8,52
8,14,8,58
8,14,13,14
8,14,14,14
8,15,8,26
8,15,8,59
8,15,13,15
8,15,14,15
8,16,8,55
8,16,8,58
8,16,13,16
8,16,14,16
8,17,8,23
8,17,8,59
8,17,13,17
8,17,14,17
8,18,8,22
8,18,8,24
8,18,8,26
8,18,13,18
8,18,14,18
8,19,8,23
8,19,8,25
8,19,8,27
8,19,13,19
8,19,14,19
8,20,8,34
8,20,13,20
8,20,14,20
8,21,8,27
8,21,8,30
8,21,8,33
8,21,13,21
8,21,14,21
8,22,8,26
8,22,8,28
8,22,8,34
8,22,13,22
8,22,14,22
8,23,8,27
8,23,13,23
8,23,14,23
8,24,13,24
8,24,14,24
8,25,8,36
8,25,13,25
8,25,14,25
8,26,13,26
8,26,14,26
8,27,8,33
8,27,13,27
8,27,14,27
8,28,8,32
8,28,8,34
8,28,8,36
8,28,13,28
8,28,14,28
8,29,8,33
8,29,8,35
8,29,8,37
8,29,13,29
8,29,14,29
8,30,8,44
8,30,13,30
8,30,14,30
8,31,8,37
8,31,8,40
8,31,8,43
8,31,13,31
8,31,14,31
8,32,8,36
8,32,8,38
8,32,8,44
8,32,13,32
8,32,14,32
8,33,8,37
8,33,13,33
8,33,14,33
8,34,13,34
8,34,14,34
8,35,8,46
8,35,13,35
8,35,14,35
8,36,13,36
8,36,14,36
8,37,8,43
8,37,13,37
8,37,14,37
8,38,8,42
8,38,8,44
8,38,8,46
8,38,13,38
8,38,14,38
8,39,8,43
8,39,8,45
8,39,8,47
8,39,13,39
8,39,14,39
8,40,8,54
8,40,13,40
8,40,14,40
8,41,8,47
8,41,8,50
8,41,8,53
8,41,13,41
8,41,14,41
8,42,8,46
8,42,8,48
8,42,8,54
8,42,13,42
8,42,14,42
8,43,8,47
8,43,13,43
8,43,14,43
8,44,13,44
8,44,14,44
8,45,8,56
8,45,13,45
8,45,14,45
8,46,13,46
8,46,14,46
8,47,8,53
8,47,13,47
8,47,14,47
8,48,8,52
8,48,8,54
8,48,8,56
8,48,13,48
8,48,14,48
8,49,8,53
8,49,8,55
8,49,8,57
8,49,13,49
8,49,14,49
8,50,13,50
8,50,14,50
8,51,8,57
8,51,13,51
8,51,14,51
8,52,8,56
8,52,8,58
8,52,13,52
8,52,14,52
8,53,8,57
8,53,13,53
8,53,14,53
8,54,13,54
8,54,14,54
8,55,13,55
8,55,14,55
8,56,13,56
8,56,14,56
8,57,13,57
8,57,14,57
8,58,13,58
8,58,14,58
8,59,13,59
8,59,14,59
9,0,9,16
9,0,9,19
9,0,9,25
9,0,9,55
9,0,11,30
9,0,12,30
9,1,9,15
9,1,9,26
9,1,9,29
9,1,9,35
9,1,11,31
9,1,12,31
9,2,9,25
9,2,9,36
9,2,9,39
9,2,9,45
9,2,11,32
9,2,12,32
9,3,9,35
9,3,9,46
9,3,9,49
9,3,9,55
9,3,11,33
9,3,12,33
9,4,9,15
9,4,9,45
9,4,9,56
9,4,9,59
9,4,11,34
9,4,12,34
9,5,9,11
9,5,9,14
9,5,9,20
9,5,9,50
9,5,11,35
9,5,12,35
9,6,9,10
9,6,9,21
9,6,9,24
9,6,9,30
9,6,11,36
9,6,12,36
9,7,9,20
9,7,9,31
9,7,9,34
9,7,9,40
9,7,11,37
9,7,12,37
9,8,9,30
9,8,9,41
9,8,9,44
9,8,9,50
9,8,11,38
9,8,12,38
9,9,9,10
9,9,9,40
9,9,9,51
9,9,9,54
9,9,11,39
9,9,12,39
9,10,9,24
9,10,9,51
9,10,11,40
9,10,12,40
9,11,9,17
9,11,9,20
9,11,9,23
9,11,11,41
9,11,12,41
9,12,9,16
9,12,9,18
9,12,9,24
9,12,9,58
9,12,11,42
9,12,12,42
9,13,9,17
9,13,9,51
9,13,9,57
9,13,9,59
9,13,11,43
9,13,12,43
9,14,9,50
9,14,9,52
9,14,9,58
9,14,11,44
9,14,12,44
9,15,9,26
9,15,9,59
9,15,11,45
9,15,12,45
9,16,9,55
9,16,9,58
9,16,11,46
9,16,12,46
9,17,9,23
9,17,9,59
9,17,11,47
9,17,12,47
9,18,9,22
9,18,9,24
9,18,9,26
9,18,11,48
9,18,12,48
9,19,9,23
9,19,9,25
9,19,9,27
9,19,11,49
9,19,12,49
9,20,9,34
9,20,11,50
9,20,12,50
9,21,9,27
9,21,9,30
9,21,9,33
9,21,11,51
9,21,12,51
9,22,9,26
9,22,9,28
9,22,9,34
9,22,11,52
9,22,12,52
9,23,9,27
9,23,11,53
9,23,12,53
9,24,11,54
9,24,12,54
9,25,9,36
9,25,11,55
9,25,12,55
9,26,11,56
9,26,12,56
9,27,9,33
9,27,11,57
9,27,12,57
9,28,9,32
9,28,9,34
9,28,9,36
9,28,11,58
9,28,12,58
9,29,9,33
9,29,9,35
9,29,9,37
9,29,11,59
9,29,12,59
9,30,9,44
9,30,11,0
9,30,12,0
9,31,9,37
9,31,9,40
9,31,9,43
9,31,11,1
9,31,12,1
9,32,9,36
9,32,9,38
9,32,9,44
9,32,11,2
9,32,12,2
9,33,9,37
9,33,11,3
9,33,12,3
9,34,11,4
9,34,12,4
9,35,9,46
9,35,11,5
9,35,12,5
9,36,11,6
9,36,12,6
9,37,9,43
9,37,11,7
9,37,12,7
9,38,9,42
9,38,9,44
9,38,9,46
9,38,11,8
9,38,12,8
9,39,9,43
9,39,9,45
9,39,9,47
9,39,11,9
9,39,12,9
9,40,9,54
9,40,11,10
9,40,12,10
9,41,9,47
9,41,9,50
9,41,9,53
9,41,11,11
9,41,12,11
9,42,9,46
9,42,9,48
9,42,9,54
9,42,11,12
9,42,12,12
9,43,9,47
9,43,11,13
9,43,12,13
9,44,11,14
9,44,12,14
9,45,9,56
9,45,11,15
9,45,12,15
9,46,11,16
9,46,12,16
9,47,9,53
9,47,11,17
9,47,12,17
9,48,9,52
9,48,9,54
9,48,9,56
9,48,11,18
9,48,12,18
9,49,9,53
9,49,9,55
9,49,9,57
9,49,11,19
9,49,12,19
9,50,11,20
9,50,12,20
9,51,9,57
9,51,11,21
9,51,12,21
9,52,9,56
9,52,9,58
9,52,11,22
9,52,12,22
9,53,9,57
9,53,11,23
9,53,12,23
9,54,11,24
9,54,12,24
9,55,11,25
9,55,12,25
9,56,11,26
9,56,12,26
9,57,11,27
9,57,12,27
9,58,11,28
9,58,12,28
9,59,11,29
9,59,12,29
10,0,10,16
10,0,10,19
10,0,10,25
10,0,10,55
10,0,11,0
10,0,14,0
10,1,10,15
10,1,10,26
10,1,10,29
10,1,10,35
10,1,11,1
10,1,14,1
10,2,10,25
10,2,10,36
10,2,10,39
10,2,10,45
10,2,11,2
10,2,14,2
10,3,10,35
10,3,10,46
10,3,10,49
10,3,10,55
10,3,11,3
10,3,14,3
10,4,10,15
10,4,10,45
10,4,10,56
10,4,10,59
10,4,11,4
10,4,14,4
10,5,10,11
10,5,10,14
10,5,10,20
10,5,10,50
10,5,11,5
10,5,14,5
10,6,10,10
10,6,10,21
10,6,10,24
10,6,10,30
10,6,11,6
10,6,14,6
10,7,10,20
10,7,10,31
10,7,10,34
10,7,10,40
10,7,11,7
10,7,14,7
10,8,10,30
10,8,10,41
10,8,10,44
10,8,10,50
10,8,11,8
10,8,14,8
10,9,10,10
10,9,10,40
10,9,10,51
10,9,10,54
10,9,11,9
10,9,14,9
10,10,10,24
10,10,10,51
10,10,11,10
10,10,14,10
10,11,10,17
10,11,10,20
10,11,10,23
10,11,11,11
10,11,14,11
10,12,10,16
10,12,10,18
10,12,10,24
10,12,10,58
10,12,11,12
10,12,14,12
10,13,10,17
10,13,10,51
10,13,10,57
10,13,10,59
10,13,11,13
10,13,14,13
10,14,10,50
10,14,10,52
10,14,10,58
10,14,11,14
10,14,14,14
10,15,10,26
10,15,10,59
10,15,11,15
10,15,14,15
10,16,10,55
10,16,10,58
10,16,11,16
10,16,14,16
10,17,10,23
10,17,10,59
10,17,11,17
10,17,14,17
10,18,10,22
10,18,10,24
10,18,10,26
10,18,11,18
10,18,14,18
10,19,10,23
10,19,10,25
10,19,10,27
10,19,11,19
10,19,14,19
10,20,10,34
10,20,11,20
10,20,14,20
10,21,10,27
10,21,10,30
10,21,10,33
10,21,11,21
10,21,14,21
10,22,10,26
10,22,10,28
10,22,10,34
10,22,11,22
10,22,14,22
10,23,10,27
10,23,11,23
10,23,14,23
10,24,11,24
10,24,14,24
10,25,10,36
10,25,11,25
10,25,14,25
10,26,11,26
10,26,14,26
10,27,10,33
10,27,11,27
10,27,14,27
10,28,10,32
10,28,10,34
10,28,10,36
10,28,11,28
10,28,14,28
10,29,10,33
10,29,10,35
10,29,10,37
10,29,11,29
10,29,14,29
10,30,10,44
10,30,11,30
10,30,14,30
10,31,10,37
10,31,10,40
10,31,10,43
10,31,11,31
10,31,14,31
10,32,10,36
10,32,10,38
10,32,10,44
10,32,11,32
10,32,14,32
10,33,10,37
10,33,11,33
10,33,14,33
10,34,11,34
10,34,14,34
10,35,10,46
10,35,11,35
10,35,14,35
10,36,11,36
10,36,14,36
10,37,10,43
10,37,11,37
10,37,14,37
10,38,10,42
10,38,10,44
10,38,10,46
10,38,11,38
10,38,14,38
10,39,10,43
10,39,10,45
10,39,10,47
10,39,11,39
10,39,14,39
10,40,10,54
10,40,11,40
10,40,14,40
10,41,10,47
10,41,10,50
10,41,10,53
10,41,11,41
10,41,14,41
10,42,10,46
10,42,10,48
10,42,10,54
10,42,11,42
10,42,14,42
10,43,10,47
10,43,11,43
10,43,14,43
10,44,11,44
10,44,14,44
10,45,10,56
10,45,11,45
10,45,14,45
10,46,11,46
10,46,14,46
10,47,10,53
10,47,11,47
10,47,14,47
10,48,10,52
10,48,10,54
10,48,10,56
10,48,11,48
10,48,14,48
10,49,10,53
10,49,10,55
10,49,10,57
10,49,11,49
10,49,14,49
10,50,11,50
10,50,14,50
10,51,10,57
10,51,11,51
10,51,14,51
10,52,10,56
10,52,10,58
10,52,11,52
10,52,14,52
10,53,10,57
10,53,11,53
10,53,14,53
10,54,11,54
10,54,14,54
10,55,11,55
10,55,14,55
10,56,11,56
10,56,14,56
10,57,11,57
10,57,14,57
10,58,11,58
10,58,14,58
10,59,11,59
10,59,14,59
11,0,11,16
11,0,11,19
11,0,11,25
11,0,11,55
11,0,12,30
11,1,11,15
11,1,11,26
11,1,11,29
11,1,11,35
11,1,12,31
11,2,11,25
11,2,11,36
11,2,11,39
11,2,11,45
11,2,12,32
11,3,11,35
11,3,11,46
11,3,11,49
11,3,11,55
11,3,12,33
11,4,11,15
11,4,11,45
11,4,11,56
11,4,11,59
11,4,12,34
11,5,11,11
11,5,11,14
11,5,11,20
11,5,11,50
11,5,12,35
11,6,11,10
11,6,11,21
11,6,11,24
11,6,11,30
11,6,12,36
11,7,11,20
11,7,11,31
11,7,11,34
11,7,11,40
11,7,12,37
11,8,11,30
11,8,11,41
11,8,11,44
11,8,11,50
11,8,12,38
11,9,11,10
11,9,11,40
11,9,11,51
11,9,11,54
11,9,12,39
11,10,11,24
11,10,11,51
11,10,12,40
11,11,11,17
11,11,11,20
11,11,11,23
11,11,12,41
11,12,11,16
11,12,11,18
11,12,11,24
11,12,11,58
11,12,12,42
11,13,11,17
11,13,11,51
11,13,11,57
11,13,11,59
11,13,12,43
11,14,11,50
11,14,11,52
11,14,11,58
11,14,12,44
11,15,11,26
11,15,11,59
11,15,12,45
11,16,11,55
11,16,11,58
11,16,12,46
11,17,11,23
11,17,11,59
11,17,12,47
11,18,11,22
11,18,11,24
11,18,11,26
11,18,12,48
11,19,11,23
11,19,11,25
11,19,11,27
11,19,12,49
11,20,11,34
11,20,12,50
11,21,11,27
11,21,11,30
11,21,11,33
11,21,12,51
11,22,11,26
11,22,11,28
11,22,11,34
11,22,12,52
11,23,11,27
11,23,12,53
11,24,12,54
11,25,11,36
11,25,12,55
11,26,12,56
11,27,11,33
11,27,12,57
11,28,11,32
11,28,11,34
11,28,11,36
11,28,12,58
11,29,11,33
11,29,11,35
11,29,11,37
11,29,12,59
11,30,11,44
11,30,12,0
11,31,11,37
11,31,11,40
11,31,11,43
11,31,12,1
11,32,11,36
11,32,11,38
11,32,11,44
11,32,12,2
11,33,11,37
11,33,12,3
11,34,12,4
11,35,11,46
11,35,12,5
11,36,12,6
11,37,11,43
11,37,12,7
11,38,11,42
11,38,11,44
11,38,11,46
11,38,12,8
11,39,11,43
11,39,11,45
11,39,11,47
11,39,12,9
11,40,11,54
11,40,12,10
11,41,11,47
11,41,11,50
11,41,11,53
11,41,12,11
11,42,11,46
11,42,11,48
11,42,11,54
11,42,12,12
11,43,11,47
11,43,12,13
11,44,12,14
11,45,11,56
11,45,12,15
11,46,12,16
11,47,11,53
11,47,12,17
11,48,11,52
11,48,11,54
11,48,11,56
11,48,12,18
11,49,11,53
11,49,11,55
11,49,11,57
11,49,12,19
11,50,12,20
11,51,11,57
11,51,12,21
11,52,11,56
11,52,11,58
11,52,12,22
11,53,11,57
11,53,12,23
11,54,12,24
11,55,12,25
11,56,12,26
11,57,12,27
11,58,12,28
11,59,12,29
12,0,12,16
12,0,12,19
12,0,12,25
12,0,12,55
12,0,13,0
12,1,12,15
12,1,12,26
12,1,12,29
12,1,12,35
12,1,13,1
12,2,12,25
12,2,12,36
12,2,12,39
12,2,12,45
12,2,13,2
12,3,12,35
12,3,12,46
12,3,12,49
12,3,12,55
12,3,13,3
12,4,12,15
12,4,12,45
12,4,12,56
12,4,12,59
12,4,13,4
12,5,12,11
12,5,12,14
12,5,12,20
12,5,12,50
12,5,13,5
12,6,12,10
12,6,12,21
12,6,12,24
12,6,12,30
12,6,13,6
12,7,12,20
12,7,12,31
12,7,12,34
12,7,12,40
12,7,13,7
12,8,12,30
12,8,12,41
12,8,12,44
12,8,12,50
12,8,13,8
12,9,12,10
12,9,12,40
12,9,12,51
12,9,12,54
12,9,13,9
12,10,12,24
12,10,12,51
12,10,13,10
12,11,12,17
12,11,12,20
12,11,12,23
12,11,13,11
12,12,12,16
12,12,12,18
12,12,12,24
12,12,12,58
12,12,13,12
12,13,12,17
12,13,12,51
12,13,12,57
12,13,12,59
12,13,13,13
12,14,12,50
12,14,12,52
12,14,12,58
12,14,13,14
12,15,12,26
12,15,12,59
12,15,13,15
12,16,12,55
12,16,12,58
12,16,13,16
12,17,12,23
12,17,12,59
12,17,13,17
12,18,12,22
12,18,12,24
12,18,12,26
12,18,13,18
12,19,12,23
12,19,12,25
12,19,12,27
12,19,13,19
12,20,12,34
12,20,13,20
12,21,12,27
12,21,12,30
12,21,12,33
12,21,13,21
12,22,12,26
12,22,12,28
12,22,12,34
12,22,13,22
12,23,12,27
12,23,13,23
12,24,13,24
12,25,12,36
12,25,13,25
12,26,13,26
12,27,12,33
12,27,13,27
12,28,12,32
12,28,12,34
12,28,12,36
12,28,13,28
12,29,12,33
12,29,12,35
12,29,12,37
12,29,13,29
12,30,12,44
12,30,13,30
12,31,12,37
12,31,12,40
12,31,12,43
12,31,13,31
12,32,12,36
12,32,12,38
12,32,12,44
12,32,13,32
12,33,12,37
12,33,13,33
12,34,13,34
12,35,12,46
12,35,13,35
12,36,13,36
12,37,12,43
12,37,13,37
12,38,12,42
12,38,12,44
12,38,12,46
12,38,13,38
12,39,12,43
12,39,12,45
12,39,12,47
12,39,13,39
12,40,12,54
12,40,13,40
12,41,12,47
12,41,12,50
12,41,12,53
12,41,13,41
12,42,12,46
12,42,12,48
12,42,12,54
12,42,13,42
12,43,12,47
12,43,13,43
12,44,13,44
12,45,12,56
12,45,13,45
12,46,13,46
12,47,12,53
12,47,13,47
12,48,12,52
12,48,12,54
12,48,12,56
12,48,13,48
12,49,12,53
12,49,12,55
12,49,12,57
12,49,13,49
12,50,13,50
12,51,12,57
12,51,13,51
12,52,12,56
12,52,12,58
12,52,13,52
12,53,12,57
12,53,13,53
12,54,13,54
12,55,13,55
12,56,13,56
12,57,13,57
12,58,13,58
12,59,13,59
13,0,13,16
13,0,13,19
13,0,13,25
13,0,13,55
13,0,14,0
13,1,13,15
13,1,13,26
13,1,13,29
13,1,13,35
13,1,14,1
13,2,13,25
13,2,13,36
13,2,13,39
13,2,13,45
13,2,14,2
13,3,13,35
13,3,13,46
13,3,13,49
13,3,13,55
13,3,14,3
13,4,13,15
13,4,13,45
13,4,13,56
13,4,13,59
13,4,14,4
13,5,13,11
13,5,13,14
13,5,13,20
13,5,13,50
13,5,14,5
13,6,13,10
13,6,13,21
13,6,13,24
13,6,13,30
13,6,14,6
13,7,13,20
13,7,13,31
13,7,13,34
13,7,13,40
13,7,14,7
13,8,13,30
13,8,13,41
13,8,13,44
13,8,13,50
13,8,14,8
13,9,13,10
13,9,13,40
13,9,13,51
13,9,13,54
13,9,14,9
13,10,13,24
13,10,13,51
13,10,14,10
13,11,13,17
13,11,13,20
13,11,13,23
13,11,14,11
13,12,13,16
13,12,13,18
13,12,13,24
13,12,13,58
13,12,14,12
13,13,13,17
13,13,13,51
13,13,13,57
13,13,13,59
13,13,14,13
13,14,13,50
13,14,13,52
13,14,13,58
13,14,14,14
13,15,13,26
13,15,13,59
13,15,14,15
13,16,13,55
13,16,13,58
13,16,14,16
13,17,13,23
13,17,13,59
13,17,14,17
13,18,13,22
13,18,13,24
13,18,13,26
13,18,14,18
13,19,13,23
13,19,13,25
13,19,13,27
13,19,14,19
13,20,13,34
13,20,14,20
13,21,13,27
13,21,13,30
13,21,13,33
13,21,14,21
13,22,13,26
13,22,13,28
13,22,13,34
13,22,14,22
13,23,13,27
13,23,14,23
13,24,14,24
13,25,13,36
13,25,14,25
13,26,14,26
13,27,13,33
13,27,14,27
13,28,13,32
13,28,13,34
13,28,13,36
13,28,14,28
13,29,13,33
13,29,13,35
13,29,13,37
13,29,14,29
13,30,13,44
13,30,14,30
13,31,13,37
13,31,13,40
13,31,13,43
13,31,14,31
13,32,13,36
13,32,13,38
13,32,13,44
13,32,14,32
13,33,13,37
13,33,14,33
13,34,14,34
13,35,13,46
13,35,14,35
13,36,14,36
13,37,13,43
13,37,14,37
13,38,13,42
13,38,13,44
13,38,13,46
13,38,14,38
13,39,13,43
13,39,13,45
13,39,13,47
13,39,14,39
13,40,13,54
13,40,14,40
13,41,13,47
13,41,13,50
13,41,13,53
13,41,14,41
13,42,13,46
13,42,13,48
13,42,13,54
13,42,14,42
13,43,13,47
13,43,14,43
13,44,14,44
13,45,13,56
13,45,14,45
13,46,14,46
13,47,13,53
13,47,14,47
13,48,13,52
13,48,13,54
13,48,13,56
13,48,14,48
13,49,13,53
13,49,13,55
13,49,13,57
13,49,14,49
13,50,14,50
13,51,13,57
13,51,14,51
13,52,13,56
13,52,13,58
13,52,14,52
13,53,13,57
13,53,14,53
13,54,14,54
13,55,14,55
13,56,14,56
13,57,14,57
13,58,14,58
13,59,14,59
14,0,14,16
14,0,14,19
14,0,14,25
14,0,14,55
14,1,14,15
14,1,14,26
14,1,14,29
14,1,14,35
14,2,14,25
14,2,14,36
14,2,14,39
14,2,14,45
14,3,14,35
14,3,14,46
14,3,14,49
14,3,14,55
14,4,14,15
14,4,14,45
14,4,14,56
14,4,14,59
14,5,14,11
14,5,14,14
14,5,14,20
14,5,14,50
14,6,14,10
14,6,14,21
14,6,14,24
14,6,14,30
14,7,14,20
14,7,14,31
14,7,14,34
14,7,14,40
14,8,14,30
14,8,14,41
14,8,14,44
14,8,14,50
14,9,14,10
14,9,14,40
14,9,14,51
14,9,14,54
14,10,14,24
14,10,14,51
14,11,14,17
14,11,14,20
14,11,14,23
14,12,14,16
14,12,14,18
14,12,14,24
14,12,14,58
14,13,14,17
14,13,14,51
14,13,14,57
14,13,14,59
14,14,14,50
14,14,14,52
14,14,14,58
14,15,14,26
14,15,14,59
14,16,14,55
14,16,14,58
14,17,14,23
14,17,14,59
14,18,14,22
14,18,14,24
14,18,14,26
14,19,14,23
14,19,14,25
14,19,14,27
14,20,14,34
14,21,14,27
14,21,14,30
14,21,14,33
14,22,14,26
14,22,14,28
14,22,14,34
14,23,14,27
14,25,14,36
14,27,14,33
14,28,14,32
14,28,14,34
14,28,14,36
14,29,14,33
14,29,14,35
14,29,14,37
14,30,14,44
14,31,14,37
14,31,14,40
14,31,14,43
14,32,14,36
14,32,14,38
14,32,14,44
14,33,14,37
14,35,14,46
14,37,14,43
14,38,14,42
14,38,14,44
14,38,14,46
14,39,14,43
14,39,14,45
14,39,14,47
14,40,14,54
14,41,14,47
14,41,14,50
14,41,14,53
14,42,14,46
14,42,14,48
14,42,14,54
14,43,14,47
14,45,14,56
14,47,14,53
14,48,14,52
14,48,14,54
14,48,14,56
14,49,14,53
14,49,14,55
14,49,14,57
14,51,14,57
14,52,14,56
14,52,14,58
14,53,14,57
